24CS,
2S,
3K-BAT,
7UP,
A,
A5,
AAI,
AAV,
ABM,
ACAP,
ACC,
ACE,
ACG,
ADB,
ADD,
ADVANC,
AEONTS,
AF,
AFC,
AGE,
AH,
AHC,
AI,
AIE,
AIMCG,
AIMIRT,
AIRA,
AIT,
AJ,
AJA,
AKP,
AKR,
AKS,
ALL,
ALLA,
ALLY,
ALPHAX,
ALT,
ALUCON,
AMA,
AMANAH,
AMARC,
AMARIN,
AMATA,
AMATAR,
AMATAV,
AMC,
AMR,
ANAN,
AOT,
AP,
APCO,
APCS,
APEX,
APP,
APURE,
AQUA,
ARIN,
ARIP,
ARROW,
AS,
ASAP,
ASEFA,
ASIA,
ASIAN,
ASIMAR,
ASK,
ASN,
ASP,
ASW,
ATP30,
AU,
AUCT,
AURA,
AWC,
AYUD,
B,
B-WORK,
B52,
BA,
BAFS,
BAM,
BANPU,
BAREIT,
BAY,
BBGI,
BBIK,
BBL,
BC,
BCH,
BCP,
BCPG,
BCT,
BDMS,
BE8,
BEAUTY,
BEC,
BEM,
BEYOND,
BGC,
